time,latitude,longitude,depth,mag,magType,nst,gap,dmin,rms,net,id,updated,place,type,horizontalError,depthError,magError,magNst,status,locationSource,magSource
2021-04-17T05:46:26.320Z,19.4634990692139,-155.650161743164,-3.10999989509583,3.1,ml,46,73,,0.370000005,hv,hv72429282,2021-04-17T06:45:45.250Z,"22 km E of Honaunau-Napoopoo, Hawaii",earthquake,0.49,0.289999992,3.66,36,automatic,hv,hv
2021-04-17T04:46:26.140Z,17.973,-66.977,6,2.54,md,21,177,0.0673,0.08,pr,pr2021107003,2021-04-17T05:57:46.108Z,"6 km WSW of Fuig, Puerto Rico",earthquake,0.28,0.19,0.27,13,reviewed,pr,pr
2021-04-17T03:50:57.187Z,-30.4545,-72.0753,10,4.9,mww,,94,0.438,1.04,us,us6000e2aa,2021-04-17T04:50:43.130Z,"85 km W of Ovalle, Chile",earthquake,3,1.9,0.093,11,reviewed,us,us
2021-04-17T02:32:54.205Z,11.7756,-87.1013,49.51,4.3,mb,,174,0.869,1.03,us,us6000e29z,2021-04-17T02:51:49.040Z,"near the coast of Nicaragua",earthquake,3.8,12.3,0.128,17,reviewed,us,us
2021-04-17T02:12:51.340Z,32.6258,-109.1551,16.04,2.7,ml,,73,0.09,1.25,us,us6000e29u,2021-04-17T04:12:41.271Z,"9 km SW of Franklin, Arizona",earthquake,3.7,8.2,0.085,18,reviewed,us,us
2021-04-17T01:38:47.313Z,60.5634,-147.9467,12.9,2.9,ml,,,,0.58,ak,ak0214wzbtbd,2021-04-17T01:57:55.040Z,"46 km ESE of Whittier, Alaska",earthquake,,0.3,,,automatic,ak,ak
2021-04-17T01:27:21.617Z,21.511,145.9753,10,5.3,mb,,58,6.254,0.82,us,us6000e29p,2021-04-17T05:37:24.076Z,"Mariana Islands region",earthquake,9,1.8,0.028,439,reviewed,us,us
2021-04-17T01:04:53.776Z,5.1158,95.4508,100.74,5,mww,,50,1.494,1.13,us,us6000e29d,2021-04-17T02:23:46.858Z,"48 km SSE of Banda Aceh, Indonesia",earthquake,8.2,6.3,0.098,10,reviewed,us,us
2021-04-17T01:01:37.585Z,31.65836951,-104.2965295,7.674047852000001,3,ml,36,59,0.1160025171,0.2,tx,tx2021hltj,2021-04-17T01:15:41.519Z,"57 km S of Whites City, New Mexico",earthquake,0.8837226958,1.456810672,0.1,18,reviewed,tx,tx
2021-04-17T00:46:06.763Z,-14.9452,-178.2952,400.34,4.3,mb,,116,0.655,0.89,us,us6000e29a,2021-04-17T01:03:12.040Z,"72 km SSW of Alo, Wallis and Futuna",earthquake,15.3,9.3,0.148,13,reviewed,us,us
2021-04-17T00:30:37.140Z,17.9966,-66.8263,17,2.62,md,19,186,0.2196,0.16,pr,pr2021107000,2021-04-17T01:24:16.300Z,"0 km WNW of Indios, Puerto Rico",earthquake,0.64,0.57,0.15,10,reviewed,pr,pr
2021-04-16T22:57:05.424Z,-44.7699,167.0624,18.4,4.4,mwr,,103,0.697,0.79,us,us6000e28w,2021-04-16T23:27:52.322Z,"88 km NW of Te Anau, New Zealand",earthquake,6.9,6.2,0.054,33,reviewed,us,us
2021-04-16T22:13:09.573Z,-28.5689,-176.2551,10,5.2,mb,,58,11.975,1.25,us,us6000e28n,2021-04-16T22:32:25.040Z,"Kermadec Islands region",earthquake,11.1,1.9,0.045,164,reviewed,us,us
2021-04-16T20:55:09.244Z,3.5835,126.8291,18.9,5.4,mww,,65,2.844,1.15,us,us6000e280,2021-04-16T22:57:55.215Z,"243 km NNW of Tobelo, Indonesia",earthquake,4.3,3.7,0.073,18,reviewed,us,us
2021-04-16T20:00:19.160Z,-30.317,-177.8339,10,5,mb,,114,7.905,0.85,us,us6000e27t,2021-04-16T21:37:49.040Z,"Kermadec Islands, New Zealand",earthquake,13,1.8,0.094,41,reviewed,us,us
2021-04-16T19:47:09.487Z,-62.2459,-58.0379,10,4.9,mb,,134,0.292,1.47,us,us6000e277,2021-04-16T20:06:15.040Z,"South Shetland Islands",earthquake,7.6,1.9,0.108,27,reviewed,us,us
2021-04-16T18:15:59.400Z,63.3889,-151.2167,2.3,2.5,ml,,,,0.81,ak,ak0214vls0p7,2021-04-16T18:59:57.040Z,"30 km SE of Denali National Park, Alaska",earthquake,,0.5,,,automatic,ak,ak
2021-04-16T16:40:30.444Z,-21.7242,-179.3719,578.57,5.4,mww,,30,4.642,1.12,us,us6000e24m,2021-04-16T22:14:16.354Z,"Fiji region",earthquake,9.9,5.4,0.098,10,reviewed,us,us
2021-04-16T16:21:49.617Z,23.9297,122.0837,19.25,4.5,mb,,104,0.508,0.6,us,us6000e24g,2021-04-16T16:59:11.040Z,"49 km E of Hualien City, Taiwan",earthquake,3.7,4.7,0.064,72,reviewed,us,us
2021-04-16T12:17:53.963Z,4.7902,125.5193,163.21,4.5,mb,,84,2.265,0.89,us,us6000e21i,2021-04-16T12:46:52.040Z,"68 km S of Sarangani, Philippines",earthquake,7.6,7.2,0.071,61,reviewed,us,us
2021-04-16T11:51:36.538Z,38.2886,142.1671,35,4.5,mb,,150,2.639,1.14,us,us6000e21g,2021-04-16T14:00:56.040Z,"77 km E of Ishinomaki, Japan",earthquake,6.2,2,0.15,16,reviewed,us,us
2021-04-16T09:35:58.730Z,38.7709999,-122.7220001,1.66,2.82,md,57,45,0.009656,0.07,nc,nc73550145,2021-04-16T13:50:28.959Z,"3km W of Anderson Springs, CA",earthquake,0.15,0.23,0.17,41,automatic,nc,nc
2021-04-16T09:35:51.092Z,-16.4856,-177.2785,397.04,4.3,mb,,118,2.312,0.65,us,us6000e212,2021-04-16T10:12:19.040Z,"256 km SSE of Alo, Wallis and Futuna",earthquake,12.8,8.3,0.065,67,reviewed,us,us
2021-04-16T08:09:52.648Z,-30.8373,-71.4374,43.17,4.4,mb,,129,0.235,0.68,us,us6000e20b,2021-04-16T15:45:12.494Z,"34 km SW of Ovalle, Chile",earthquake,3.8,9.7,0.144,14,reviewed,us,us
2021-04-16T08:06:07.516Z,39.5756,118.5879,10,4.4,mb,,59,1.916,0.97,us,us6000e20l,2021-04-16T16:44:48.069Z,"19 km SE of Linxi, China",earthquake,4.3,1.9,0.084,41,reviewed,us,us
2021-04-16T05:07:57.534Z,53.3566,-177.6974,190.8,2.5,ml,,,,0.41,ak,ak0214vdzov0,2021-04-16T18:18:53.671Z,"180 km NNW of Adak, Alaska",earthquake,,7,,,reviewed,ak,ak
2021-04-16T05:04:13.493Z,59.1174,-138.2535,0,3,ml,,,,0.78,ak,ak0214vdyu9u,2021-04-16T05:20:39.040Z,"96 km ESE of Yakutat, Alaska",earthquake,,0.6,,,automatic,ak,ak
2021-04-16T04:59:46.119Z,31.59702031,-104.209716,6.157275391,2.6,ml,30,57,0.1467058657,0.3,tx,tx2021hkfs,2021-04-17T04:38:37.090Z,"50 km NW of Toyah, Texas",earthquake,1.372454352,1.56069451,0.1,14,reviewed,tx,tx
2021-04-16T04:53:40.571Z,27.6897,139.9803,494.11,4.1,mb,,66,2.047,0.75,us,us6000e1zu,2021-04-16T05:12:03.040Z,"Bonin Islands, Japan region",earthquake,11.8,8.9,0.041,162,reviewed,us,us
2021-04-16T04:09:45.220Z,40.4035,-124.4525,20.17,3.54,mw,22,240,0.1135,0.14,nc,nc73550055,2021-04-17T05:54:49.570Z,"17km WNW of Petrolia, CA",earthquake,0.64,0.35,,4,reviewed,nc,nc
2021-04-16T03:42:05.363Z,-10.3259,116.9514,22.7,5.4,mww,,46,3.321,1.26,us,us6000e1zp,2021-04-17T03:45:37.282Z,"194 km SSE of Praya, Indonesia",earthquake,7.1,4.7,0.078,16,reviewed,us,us
2021-04-16T03:23:46.690Z,17.9658,-66.9833,6,2.45,md,15,197,0.061,0.15,pr,pr2021106000,2021-04-16T03:46:27.405Z,"6 km E of La Parguera, Puerto Rico",earthquake,0.5,0.27,0.21,10,reviewed,pr,pr
2021-04-16T01:14:25.564Z,-19.5488,-69.4307,103.34,4.4,mwr,,92,0.252,1.22,us,us6000e1z5,2021-04-16T20:47:42.912Z,"105 km NE of Iquique, Chile",earthquake,6.2,4.7,,,reviewed,us,guc
2021-04-16T00:43:51.253Z,32.5748,-94.005,14.66,3.1,mb_lg,,73,0.984,0.68,us,us6000e1z3,2021-04-16T21:36:30.045Z,"10 km W of Blanchard, Louisiana",earthquake,4.3,8.2,0.043,143,reviewed,us,us
2021-04-16T00:23:21.606Z,17.874,147.2263,43.52,5.1,mb,,81,2.963,0.91,us,us6000e1z0,2021-04-17T00:33:30.328Z,"Mariana Islands region",earthquake,10.4,6.9,0.038,227,reviewed,us,us
2021-04-15T23:57:07.202Z,46.1291,152.9228,10,4.7,mb,,136,7.058,0.65,us,us6000e1yw,2021-04-16T01:02:49.040Z,"Kuril Islands",earthquake,6.8,1.8,0.066,69,reviewed,us,us
2021-04-15T23:16:19.070Z,36.477,-117.5191667,-0.65,2.61,ml,34,85,0.2134,0.13,ci,ci39851592,2021-04-16T02:38:31.950Z,"36km WSW of Stovepipe Wells, CA",earthquake,0.21,0.5,0.09,25,reviewed,ci,ci
2021-04-15T22:26:24.078Z,32.488,78.7179,10,4.6,mb,,64,8.334,0.9,us,us6000e1yd,2021-04-16T04:18:34.450Z,"139 km NE of Sarāhan, India",earthquake,8.8,1.9,0.051,116,reviewed,us,us
2021-04-15T22:25:49.667Z,31.1552793,-103.0473729,4.023510742,3.1,ml,33,49,0.0471371416,0.3,tx,tx2021hjss,2021-04-16T15:36:17.790Z,"9 km S of Coyanosa, Texas",earthquake,0.9706550381,0.7118875731,0.1,18,reviewed,tx,tx
2021-04-15T22:24:40.340Z,54.7406,-160.6047,29.15,3.3,ml,,173,0.594,0.65,us,us6000e1yc,2021-04-15T22:38:45.040Z,"66 km S of Sand Point, Alaska",earthquake,5.1,11.4,0.066,30,reviewed,us,us
2021-04-15T21:30:43.050Z,17.9801,-66.9913,13,2.77,md,18,169,0.054,0.15,pr,pr2021105003,2021-04-15T21:59:19.284Z,"5 km E of La Parguera, Puerto Rico",earthquake,0.42,0.27,0.23,13,reviewed,pr,pr
2021-04-15T20:04:20.949Z,63.1584,-149.3032,86.6,3,ml,,,,0.6,ak,ak0214tzd0e4,2021-04-15T20:31:43.040Z,"31 km SW of Cantwell, Alaska",earthquake,,0.6,,,automatic,ak,ak
2021-04-15T19:20:02.424Z,16.0616,-98.2993,10,4.3,mb,,251,1.514,0.69,us,us6000e1x5,2021-04-15T20:00:07.040Z,"22 km SSW of Corralero, Mexico",earthquake,9.5,2,0.064,69,reviewed,us,us
2021-04-15T19:16:32.215Z,-8.6533,-79.8503,35,4.9,mb,,136,4.442,0.81,us,us6000e1x2,2021-04-15T19:50:07.040Z,"102 km SW of Santiago de Cao, Peru",earthquake,9.4,2,0.065,75,reviewed,us,us
2021-04-15T18:10:06.615Z,14.8686,-94.1175,40.32,4.6,mb,,189,2.369,0.7,us,us6000e1wp,2021-04-15T20:22:56.040Z,"118 km SSW of Manuel Ávila Camacho (Ponte Duro), Mexico",earthquake,5.9,8.8,0.039,198,reviewed,us,us
2021-04-15T18:05:03.520Z,35.6786667,-117.5368333,6.81,3.06,ml,59,37,0.106,0.12,ci,ci39851144,2021-04-16T14:48:16.753Z,"14km ENE of Ridgecrest, CA",earthquake,0.1,0.32,0.157,231,reviewed,ci,ci
2021-04-15T16:53:26.790Z,18.9193,-68.7221,69,3.18,md,7,155,0.5295,0.61,pr,pr2021105002,2021-04-15T19:18:58.040Z,"Mona Passage",earthquake,4.36,6.49,0.71,5,reviewed,pr,pr
2021-04-15T16:42:03.879Z,51.2274,100.4112,17.13,4.6,mb,,35,2.072,0.6,us,us6000e1vu,2021-04-15T19:04:44.040Z,"35 km SSW of Turt, Mongolia",earthquake,4,4.5,0.053,114,reviewed,us,us
2021-04-15T15:05:09.184Z,38.0707,-118.2634,6.8,2.5,ml,29,76.38,0.189,0.135,nn,nn00805087,2021-04-15T18:37:05.109Z,"33 km NE of Benton, California",earthquake,,3.8,0.25,16,reviewed,nn,nn
2021-04-15T14:53:13.060Z,62.0242,-150.9897,62,2.6,ml,,,,0.64,ak,ak0214tw2w9a,2021-04-15T17:01:53.040Z,"21 km E of Skwentna, Alaska",earthquake,,0.6,,,automatic,ak,ak
2021-04-15T14:26:42.180Z,19.198,-155.511666666667,35.18,2.64,md,54,67,,0.1,hv,hv72426997,2021-04-15T21:08:53.988Z,"3 km W of Pāhala, Hawaii",earthquake,0.42,0.52,0.115338209359746,22,reviewed,hv,hv
2021-04-15T14:26:39.469Z,34.98483333,-97.68016667,11.14,3.26,ml,90,34,0,0.29,ok,ok2021hjcx,2021-04-16T14:29:06.214Z,"7 km SW of Dibble, Oklahoma",earthquake,,1,0.24,41,reviewed,ok,ok
2021-04-15T13:39:27.820Z,38.8293343,-122.8108368,1.77,2.55,md,53,40,0.005961,0.06,nc,nc73549690,2021-04-16T05:47:38.952Z,"8km NW of The Geysers, CA",earthquake,0.14,0.22,0.12,30,automatic,nc,nc
2021-04-15T11:23:49.880Z,41.5894,142.0346,63.43,4.3,mb,,149,0.94,0.61,us,us6000e1rm,2021-04-15T11:53:45.851Z,"76 km ENE of Mutsu, Japan",earthquake,7.7,10.7,0.081,43,reviewed,us,us
2021-04-15T10:53:34.589Z,-17.9992,-177.829,616.95,4.2,mb,,99,3.681,0.76,us,us6000e1rg,2021-04-15T11:11:38.040Z,"Fiji region",earthquake,14.8,10.5,0.048,124,reviewed,us,us
2021-04-15T10:36:19.595Z,-10.5932,117.0468,10,5.4,mww,,99,3.549,1.21,us,us6000e1rc,2021-04-16T10:39:20.101Z,"225 km SSE of Praya, Indonesia",earthquake,5,1.7,0.083,14,reviewed,us,us
2021-04-15T09:29:55.226Z,68.2719,-18.3904,10,4.4,mb,,75,2.554,0.8,us,us6000e1qy,2021-04-15T10:16:58.040Z,"237 km N of Siglufjörður, Iceland",earthquake,5.4,1.9,0.098,30,reviewed,us,us
2021-04-15T08:40:28.050Z,18.0011,-66.778,12,2.74,md,22,161,0.1768,0.25,pr,pr2021105000,2021-04-15T08:58:37.851Z,"2 km SSW of Magas Arriba, Puerto Rico",earthquake,0.44,0.37,0.26,13,reviewed,pr,pr
2021-04-15T08:33:41.786Z,53.5356,171.5978,16.68,5.3,mww,,87,1.711,0.83,us,us6000e1qs,2021-04-15T18:54:25.491Z,"130 km NW of Attu Station, Alaska",earthquake,7.5,4.2,0.046,46,reviewed,us,us
2021-04-15T07:58:28.750Z,40.2778333,-124.4635,12.85,2.54,md,27,244,0.0931,0.17,nc,nc73549625,2021-04-17T04:44:35.040Z,"16km WSW of Petrolia, CA",earthquake,0.51,0.42,0.122,33,reviewed,nc,nc
2021-04-15T07:26:31.059Z,36.96183333,-98.09133333,9.02,3.02,ml,76,96,0,0.13,ok,ok2021hipb,2021-04-15T14:46:35.345Z,"5 km SW of Manchester, Oklahoma",earthquake,,2.3,0.2,39,reviewed,ok,ok
2021-04-15T06:23:19.149Z,61.4628,-146.4899,9.8,2.5,ml,,,,0.93,ak,ak0214tr50f6,2021-04-15T07:09:56.040Z,"37 km NNW of Valdez, Alaska",earthquake,,0.3,,,automatic,ak,ak
2021-04-15T05:19:51.594Z,63.5366,-147.3186,0,2.9,ml,,,,0.68,ak,ak0214tqisf6,2021-04-15T18:08:26.117Z,"82 km ESE of McKinley Park, Alaska",earthquake,,0.3,,,automatic,ak,ak
2021-04-15T05:13:58.222Z,32.6277,-94.0489,15.7,2.5,mb_lg,,62,1.008,0.58,us,us6000e1q3,2021-04-17T02:18:36.556Z,"10 km SW of Mooringsport, Louisiana",earthquake,2.2,8.4,0.066,59,reviewed,us,us
2021-04-15T04:44:47.539Z,12.3832,141.593,10,5,mww,,39,3.41,0.79,us,us6000e1pk,2021-04-17T04:54:52.106Z,"Mariana Islands region",earthquake,9.8,1.8,0.065,23,reviewed,us,us
2021-04-15T04:33:34.874Z,42.4763,16.0724,19.27,4.6,mb,,70,1.675,0.33,us,us6000e1pg,2021-04-16T13:49:19.853Z,"59 km N of Peschici, Italy",earthquake,2.3,5.3,0.172,10,reviewed,us,us
2021-04-15T04:10:20.950Z,39.2383,26.0848,11.61,4.5,mb,,46,0.659,0.51,us,us6000e1pd,2021-04-16T01:14:03.117Z,"10 km W of Kalloní, Greece",earthquake,4.9,7.6,0.163,11,reviewed,us,us
2021-04-15T03:20:09.443Z,-15.0897,-179.0469,418.13,4.2,mb,,117,1.186,0.5,us,us6000e1pb,2021-04-16T01:07:50.040Z,"130 km SW of Leava, Wallis and Futuna",earthquake,14.9,8.5,0.09,34,reviewed,us,us
2021-04-15T03:13:27.020Z,-2.9903,-75.5388,124.48,4.4,mb,,119,3.712,0.47,us,us6000e1pa,2021-04-16T00:39:42.040Z,"113 km ENE of Alianza Cristiana, Peru",earthquake,9.5,10.2,0.074,52,reviewed,us,us
2021-04-15T02:46:24.180Z,-18.0693,-177.8608,605.82,4.3,mb,,102,3.748,0.71,us,us6000e1p7,2021-04-16T00:18:56.040Z,"298 km E of Levuka, Fiji",earthquake,14.1,6.9,0.081,44,reviewed,us,us
2021-04-14T23:57:53.977Z,35.85388184,-101.004357,7.287516276,2.7,ml,10,85,0.6669392043,0.4,tx,tx2021hiag,2021-04-15T21:31:08.135Z,"34 km NNE of Skellytown, Texas",earthquake,2.247910062,2.587611565,0.1,6,reviewed,tx,tx
2021-04-14T23:54:02.974Z,35.85296631,-101.0077374,7.703247069999999,4.3,ml,21,85,0.6644252693,0.3,tx,tx2021hiaf,2021-04-16T17:16:38.395Z,"34 km NNE of Skellytown, Texas",earthquake,2.077357156,2.078053458,0.1,7,reviewed,tx,tx
2021-04-14T23:44:21.404Z,39.5571,143.1976,30.92,4.3,mb,,158,2.045,0.42,us,us6000e1nv,2021-04-15T08:16:01.414Z,"107 km E of Yamada, Japan",earthquake,8.3,7.7,0.154,12,reviewed,us,us
2021-04-14T23:25:51.920Z,18.0468,-66.8798,17,2.57,md,15,136,0.1817,0.24,pr,pr2021104011,2021-04-14T23:48:45.207Z,"2 km ENE of Lluveras, Puerto Rico",earthquake,0.47,0.95,0.24,13,reviewed,pr,pr
2021-04-14T21:02:41.040Z,17.9313,-66.9298,10,2.48,md,21,211,0.1206,0.11,pr,pr2021104010,2021-04-14T21:21:20.241Z,"5 km SSW of Guánica, Puerto Rico",earthquake,0.43,0.51,0.18,16,reviewed,pr,pr
2021-04-14T18:57:54.628Z,69.1239,-144.7133,0,2.5,ml,,,,0.7,ak,ak0214saybt8,2021-04-14T19:08:35.396Z,"116 km NNE of Arctic Village, Alaska",earthquake,,0.7,,,automatic,ak,ak
2021-04-14T18:09:38.117Z,24.7618,122.023,10,4.4,mb,,83,0.522,0.92,us,us6000e1li,2021-04-14T19:13:00.040Z,"27 km E of Yilan, Taiwan",earthquake,3.7,1.9,0.139,15,reviewed,us,us
2021-04-14T17:03:51.030Z,17.9198,-66.83,11,2.78,md,17,224,0.2199,0.19,pr,pr2021104009,2021-04-14T17:25:16.713Z,"8 km S of Indios, Puerto Rico",earthquake,0.5,0.5,0.19,13,reviewed,pr,pr
2021-04-14T16:35:14.733Z,22.2705,121.6404,10,4.3,mb,,234,0.751,0.76,us,us6000e1iv,2021-04-14T21:49:12.040Z,"97 km ENE of Hengchun, Taiwan",earthquake,4.7,1.9,0.122,19,reviewed,us,us
2021-04-14T16:18:29.760Z,17.9565,-66.8686,9,3.13,md,21,186,0.1761,0.16,pr,pr2021104008,2021-04-15T02:28:41.830Z,"3 km SE of Maria Antonia, Puerto Rico",earthquake,0.48,0.61,0.06,9,reviewed,pr,pr
2021-04-14T15:52:44.558Z,-18.5055,-174.5532,91.92,5,mb,,156,5.289,0.76,us,us6000e1is,2021-04-14T21:27:56.040Z,"62 km WNW of Neiafu, Tonga",earthquake,14.3,6.9,0.108,27,reviewed,us,us
2021-04-14T14:55:08.729Z,31.71820288,-104.5272472,5.643115234,2.7,ml,22,82,0.03652226166,0.3,tx,tx2021hhii,2021-04-14T15:10:02.819Z,"52 km SSW of Whites City, New Mexico",earthquake,1.5039967350000003,1.122340614,0.1,11,reviewed,tx,tx
2021-04-14T12:48:51.410Z,12.6681,-87.978,65.74,4.6,mb,,133,0.864,0.66,us,us6000e1gp,2021-04-14T13:08:35.040Z,"57 km W of Jiquilillo, Nicaragua",earthquake,6.3,8.7,0.03,333,reviewed,us,us
2021-04-14T11:59:44.706Z,19.4465,-101.5428,64.84,4.1,mb,,172,0.358,0.9,us,us6000e1gf,2021-04-14T14:55:47.898Z,"2 km NE of Santa Juana, Mexico",earthquake,9.5,13.5,0.127,17,reviewed,us,us
2021-04-14T11:10:13.920Z,19.2168,-67.1805,9,3.51,md,17,231,0.7525,0.6,pr,pr2021104007,2021-04-14T12:09:20.040Z,"80 km N of San Antonio, Puerto Rico",earthquake,2.45,4.18,0.08,9,reviewed,pr,pr
2021-04-14T11:09:39.460Z,9.9732,126.3417,80.94,4.8,mb,,67,2.981,0.73,us,us6000e1g8,2021-04-14T11:37:04.040Z,"29 km ENE of Pilar, Philippines",earthquake,8.6,7.6,0.049,128,reviewed,us,us
2021-04-14T11:07:47.567Z,59.0556,-151.9738,50,2.5,ml,,,,1.33,ak,ak0214s6hgto,2021-04-14T18:50:22.953Z,"33 km S of Nanwalek, Alaska",earthquake,,6.3,,,reviewed,ak,ak
2021-04-14T10:55:15.094Z,0.2114,96.652,10,5.5,mww,,57,1.424,0.78,us,us6000e1g3,2021-04-15T10:58:42.347Z,"252 km S of Sinabang, Indonesia",earthquake,7,1.8,0.063,24,reviewed,us,us
2021-04-14T10:02:52.324Z,38.1172,142.525,39.55,4.3,mb,,108,2.898,0.75,us,us6000e1fu,2021-04-15T07:47:59.619Z,"112 km ESE of Ishinomaki, Japan",earthquake,9,7.1,0.137,18,reviewed,us,us
2021-04-14T09:44:38.019Z,36.3053,70.5031,145.03,4.3,mb,,97,2.126,0.56,us,us6000e1fs,2021-04-14T12:03:28.040Z,"65 km ESE of Farkhār, Afghanistan",earthquake,8.7,12.8,0.188,8,reviewed,us,us
2021-04-14T08:22:19.365Z,23.4648,123.7417,10,4.7,mb,,90,1.2,0.82,us,us6000e1fm,2021-04-14T08:54:01.040Z,"106 km SSW of Ishigaki, Japan",earthquake,4.3,1.8,0.059,87,reviewed,us,us
2021-04-14T07:55:23.810Z,19.1945,-155.499166666667,35.51,2.47,md,51,67,,0.1,hv,hv72425507,2021-04-15T07:18:20.040Z,"2 km WSW of Pāhala, Hawaii",earthquake,0.42,0.58,0.151212441113179,23,reviewed,hv,hv
2021-04-14T07:41:35.660Z,17.9398,-66.8273,14,2.47,md,12,204,0.2189,0.08,pr,pr2021104006,2021-04-14T08:07:30.494Z,"6 km S of Indios, Puerto Rico",earthquake,0.53,0.51,0.12,12,reviewed,pr,pr
2021-04-14T07:28:08.783Z,57.2512,-155.3521,8.4,2.9,ml,,,,0.62,ak,ak0214s4856d,2021-04-15T07:22:22.040Z,"64 km WSW of Karluk, Alaska",earthquake,,0.4,,,automatic,ak,ak
2021-04-14T06:59:14.310Z,17.9765,-66.7993,15,2.47,md,20,179,0.2041,0.12,pr,pr2021104004,2021-04-14T07:47:58.439Z,"2 km SE of Indios, Puerto Rico",earthquake,0.34,0.39,0.25,17,reviewed,pr,pr
2021-04-14T06:32:27.470Z,17.9451,-66.8271,13,2.66,md,23,193,0.2185,0.16,pr,pr2021104003,2021-04-14T06:55:02.427Z,"5 km S of Indios, Puerto Rico",earthquake,0.59,0.35,0.21,18,reviewed,pr,pr
2021-04-14T06:28:42.091Z,-7.0903,106.0246,46.97,5.1,mb,,169,1.654,0.57,us,us6000e1f0,2021-04-15T03:18:29.329Z,"59 km W of Pelabuhanratu, Indonesia",earthquake,10.3,6.6,0.089,41,reviewed,us,us
2021-04-14T05:56:38.572Z,59.63,-153.031,98.7,3.2,ml,,,,0.66,ak,ak0214s37cgd,2021-04-14T17:07:14.904Z,"63 km ESE of Pedro Bay, Alaska",earthquake,,0.3,,,automatic,ak,ak
2021-04-14T05:20:20.657Z,12.0098,143.4635,35.71,4.6,mb,,72,2.083,0.48,us,us6000e1ek,2021-04-14T05:45:58.040Z,"190 km SW of Merizo Village, Guam",earthquake,7.3,8.2,0.062,78,reviewed,us,us
2021-04-14T05:12:00.897Z,-20.0656,-69.9485,64.76,3.6,ml,,142,0.409,0.35,us,us6000e1eg,2021-04-14T23:58:57.960Z,"26 km NE of Iquique, Chile",earthquake,2.5,5.8,0.071,26,reviewed,us,us
2021-04-14T04:52:28.770Z,17.9718,-66.832,15,2.58,md,22,183,0.2122,0.21,pr,pr2021104002,2021-04-14T05:52:03.439Z,"2 km SSW of Indios, Puerto Rico",earthquake,0.62,0.42,0.28,15,reviewed,pr,pr
2021-04-14T04:39:53.970Z,40.404,-124.6193333,25.08,2.61,md,40,233,0.2267,0.17,nc,nc73549170,2021-04-15T00:26:04.774Z,"30km WNW of Petrolia, CA",earthquake,0.52,1.11,0.27,38,reviewed,nc,nc
2021-04-14T04:33:29.184Z,1.8614,-100.994,10,5.7,mww,,32,15.579,0.64,us,us6000e1ec,2021-04-15T14:34:25.040Z,"Galapagos Triple Junction region",earthquake,8.7,1.8,0.057,30,reviewed,us,us
2021-04-14T04:29:54.220Z,17.943,-66.895,11,2.99,md,24,201,0.1515,0.14,pr,pr2021104001,2021-04-14T22:34:41.040Z,"3 km SSE of Guánica, Puerto Rico",earthquake,0.53,0.44,0.31,23,reviewed,pr,pr
2021-04-14T03:58:30.516Z,68.9588,-144.6659,4.2,2.6,ml,,,,0.73,ak,ak0214s20w4m,2021-04-14T22:26:25.040Z,"99 km NNE of Arctic Village, Alaska",earthquake,,0.6,,,automatic,ak,ak
2021-04-14T03:27:44.356Z,41.5716,141.9236,53.92,4.4,mwr,,124,1.015,0.56,us,us6000e1e0,2021-04-14T23:00:35.040Z,"66 km ENE of Mutsu, Japan",earthquake,5.8,6.7,0.083,14,reviewed,us,us
2021-04-14T03:05:42.769Z,47.5646,-70.2347,11.87,2.5,ml,,103,0.063,0.18,us,us6000e1pz,2021-04-16T01:19:44.040Z,"11 km SSW of La Malbaie, Canada",earthquake,3.6,4.3,0.077,22,reviewed,us,us
2021-04-14T03:01:49.973Z,-21.1844,-68.7145,137.29,4.3,mb,,66,1.116,0.69,us,us6000e1du,2021-04-14T03:29:26.040Z,"142 km N of Calama, Chile",earthquake,5.9,6.9,0.16,11,reviewed,us,us
2021-04-14T01:02:05.929Z,31.59224671,-104.2441051,6.671435547,3,ml,22,58,0.1720809673,0.2,tx,tx2021hggw,2021-04-14T15:28:03.296Z,"52 km NW of Toyah, Texas",earthquake,1.1012503339999997,1.948643914,0.1,12,reviewed,tx,tx
2021-04-14T01:01:40.010Z,18.9945,-67.1455,5,3.67,md,27,204,0.5281,0.43,pr,pr2021104000,2021-04-14T03:00:00.299Z,"55 km N of San Antonio, Puerto Rico",earthquake,1.21,1.5,0.1,24,reviewed,pr,pr
2021-04-14T01:01:04.469Z,-21.3731,-66.8508,238.4,4,mb,,111,1.996,0.56,us,us6000e1dd,2021-04-14T02:47:18.040Z,"81 km SW of Atocha, Bolivia",earthquake,10.7,9.7,0.195,7,reviewed,us,us
2021-04-14T00:50:59.366Z,53.6075,160.9876,39.28,4.6,mb,,141,1.519,1.28,us,us6000e1db,2021-04-14T01:11:05.040Z,"167 km ENE of Petropavlovsk-Kamchatsky, Russia",earthquake,10.7,9.2,0.082,44,reviewed,us,us
2021-04-14T00:25:27.926Z,-0.1435,125.2376,48.09,5.1,mb,,60,2.315,0.98,us,us6000e1d5,2021-04-14T00:49:31.040Z,"164 km SSE of Tondano, Indonesia",earthquake,6.8,6,0.05,131,reviewed,us,us
2021-04-13T23:35:00.770Z,17.9425,-66.795,10,2.63,md,14,204,0.2138,0.24,pr,pr2021103007,2021-04-13T23:57:35.471Z,"6 km SSE of Indios, Puerto Rico",earthquake,0.75,0.95,0.1,8,reviewed,pr,pr
2021-04-13T22:05:32.100Z,33.8078333,-116.0885,3.54,2.61,ml,78,39,0.1113,0.15,ci,ci39849168,2021-04-15T22:56:24.818Z,"15km NE of Indio, CA",earthquake,0.11,0.54,0.127,23,reviewed,ci,ci
2021-04-13T21:35:03.940Z,33.8063333,-116.0878333,3.03,3.54,ml,127,38,0.1117,0.16,ci,ci39849144,2021-04-17T01:38:38.212Z,"15km NE of Indio, CA",earthquake,0.09,0.31,0.133,303,reviewed,ci,ci
2021-04-13T21:23:22.050Z,39.9063,20.0674,6.03,2.9,ml,,97,0.057,0.12,us,us6000e1c7,2021-04-13T23:28:15.021Z,"5 km SSW of Delvinë, Albania",earthquake,5.5,5.8,0.074,24,reviewed,us,us
2021-04-13T20:28:02.325Z,36.5426,27.0638,6.07,5.3,mww,,24,0.914,0.65,us,us6000e1bu,2021-04-15T15:22:31.960Z,"9 km SW of Mandráki, Greece",earthquake,4.1,3.1,0.052,36,reviewed,us,us
2021-04-13T20:24:41.488Z,56.0594,-157.4992,41.5,2.7,ml,,,,0.32,ak,ak0214qoenc3,2021-04-14T17:07:10.890Z,"61 km ESE of Chignik, Alaska",earthquake,,2.4,,,automatic,ak,ak
2021-04-13T19:20:02.285Z,-17.8284,-178.07,535.74,4.6,mb,,69,3.501,1.01,us,us6000e1b7,2021-04-13T19:39:48.040Z,"278 km E of Levuka, Fiji",earthquake,11.7,8.6,0.052,111,reviewed,us,us
2021-04-13T18:58:23.510Z,17.9891,-66.8913,14,2.84,md,20,171,0.1542,0.25,pr,pr2021103006,2021-04-13T19:15:21.590Z,"1 km N of Maria Antonia, Puerto Rico",earthquake,0.48,0.6,0.2,13,reviewed,pr,pr
2021-04-13T18:39:54.787Z,13.8743,120.6661,196.23,4.8,mb,,39,8.309,0.78,us,us6000e1sa,2021-04-15T14:47:41.040Z,"2 km ESE of Lucsuhin, Philippines",earthquake,7.5,6,0.049,134,reviewed,us,us
2021-04-13T18:38:47.986Z,5.9158,126.7822,48.06,5,mww,,103,1.656,0.92,us,us6000e1as,2021-04-15T14:51:16.040Z,"83 km SE of Pondaguitan, Philippines",earthquake,6.2,6.5,0.098,10,reviewed,us,us
2021-04-13T16:50:48.676Z,2.3248,-79.1183,10,4.7,mb,,148,2.178,0.79,us,us6000e1a6,2021-04-13T18:16:07.040Z,"60 km WNW of Salahonda, Colombia",earthquake,7.9,1.9,0.047,135,reviewed,us,us
2021-04-13T15:47:33.506Z,0.6115,126.1114,42.9,5.1,mww,,51,1.265,0.7,us,us6000e19r,2021-04-13T16:42:24.040Z,"143 km W of Ternate, Indonesia",earthquake,6.8,1.7,0.098,10,reviewed,us,us
2021-04-13T15:32:26.347Z,44.4511,-115.2229,10,3,ml,,57,0.302,0.7,us,us6000e19q,2021-04-13T16:38:24.040Z,"34 km NW of Stanley, Idaho",earthquake,2,2,0.04,84,reviewed,us,us
2021-04-13T14:35:26.570Z,36.363,-97.35983333,7,2.62,ml,95,36,0,0.23,ok,ok2021hfme,2021-04-13T18:26:58.571Z,"10 km NW of Perry, Oklahoma",earthquake,,0.5,0.22,32,reviewed,ok,ok
2021-04-13T14:25:52.650Z,37.569,-118.824,4.04,2.76,md,30,55,0.02138,0.02,nc,nc73548930,2021-04-13T20:16:13.553Z,"13km W of Toms Place, CA",earthquake,0.21,0.39,0.177,44,reviewed,nc,nc
2021-04-13T12:22:35.783Z,43.5929,-107.4198,13.68,3.9,mwr,,48,1.147,1.33,us,us6000e173,2021-04-14T14:53:40.910Z,"49 km S of Ten Sleep, Wyoming",earthquake,2.9,7.2,0.051,37,reviewed,us,us
2021-04-13T11:57:06.678Z,14.0758,-91.1836,58.34,4.1,mb,,176,0.666,0.77,us,us6000e171,2021-04-13T14:12:54.040Z,"14 km W of La Gomera, Guatemala",earthquake,7.9,11.5,0.062,71,reviewed,us,us
2021-04-13T11:09:01.120Z,17.9915,-66.7623,11,2.87,md,21,168,0.1643,0.16,pr,pr2021103004,2021-04-13T11:34:20.273Z,"2 km SSE of Magas Arriba, Puerto Rico",earthquake,0.4,0.31,0.24,10,reviewed,pr,pr
2021-04-13T10:58:03.790Z,18.016,-66.7413,13,3.06,md,20,142,0.1377,0.19,pr,pr2021103003,2021-04-13T11:31:12.341Z,"2 km E of Magas Arriba, Puerto Rico",earthquake,0.46,0.24,0.32,8,reviewed,pr,pr
2021-04-13T09:42:06.025Z,-62.269,-58.1656,10,4.6,mb,,170,0.234,0.67,us,us6000e16i,2021-04-13T14:28:18.040Z,"South Shetland Islands",earthquake,6,2,0.183,9,reviewed,us,us
2021-04-13T09:36:51.650Z,37.3961667,-118.5996667,12.77,2.46,md,40,61,0.2117,0.15,nc,nc73548895,2021-04-13T19:18:33.034Z,"2km S of Round Valley, CA",earthquake,0.36,1.29,0.201,39,reviewed,nc,nc
2021-04-13T09:10:28.740Z,44.1271667,-115.0826667,9.34,2.79,ml,12,79,0.113,0.25,mb,mb80496169,2021-04-13T15:04:18.240Z,"15 km SW of Stanley, Idaho",earthquake,0.51,0.8,0.156,17,reviewed,mb,mb
2021-04-13T08:39:55.146Z,44.1245,-115.0952,10,2.8,ml,,79,0.121,0.78,us,us6000e164,2021-04-13T22:37:43.040Z,"16 km SW of Stanley, Idaho",earthquake,2.4,2,0.053,46,reviewed,us,us
2021-04-13T08:26:36.568Z,44.1304,-115.056,10,2.5,ml,,73,0.098,0.8,us,us6000e19k,2021-04-13T22:31:40.040Z,"13 km SW of Stanley, Idaho",earthquake,2.1,2,0.066,30,reviewed,us,us
2021-04-13T08:22:02.864Z,44.1258,-115.0794,10,2.9,ml,,43,0.112,1.04,us,us6000e160,2021-04-13T22:25:41.040Z,"15 km SW of Stanley, Idaho",earthquake,2.4,2,0.056,42,reviewed,us,us
2021-04-13T08:08:52.630Z,17.9583,-66.827,10,2.51,md,20,185,0.2175,0.08,pr,pr2021103002,2021-04-13T08:37:58.953Z,"4 km SSW of Indios, Puerto Rico",earthquake,0.39,0.53,0.21,14,reviewed,pr,pr
2021-04-13T07:54:17.947Z,33.6875,135.2933,10,4.4,mb,,101,1.182,0.83,us,us6000e15w,2021-04-14T00:55:08.783Z,"8 km SW of Tanabe, Japan",earthquake,7.3,1.9,0.126,18,reviewed,us,us
2021-04-13T07:40:52.872Z,-7.4973,128.5177,160.6,4.5,mb,,61,2.798,1.16,us,us6000e15r,2021-04-13T08:47:14.040Z,"202 km NE of Lospalos, Timor Leste",earthquake,9.3,8.3,0.108,25,reviewed,us,us
2021-04-13T06:52:29.617Z,56.2138,-156.5669,35,2.6,ml,,,,0.74,ak,ak0214qg8jzr,2021-04-14T17:07:06.681Z,"114 km E of Chignik, Alaska",earthquake,,12.1,,,automatic,ak,ak
2021-04-13T06:08:33.073Z,58.5117,-153.6381,4.8,2.7,ml,,,,1.04,ak,ak0214qfz4uc,2021-04-14T17:07:06.194Z,"66 km NW of Aleneva, Alaska",earthquake,,0.4,,,automatic,ak,ak
2021-04-13T06:06:00.858Z,0.0807,-17.3932,10,5.1,mb,,41,8.515,0.84,us,us6000e159,2021-04-13T06:25:55.040Z,"north of Ascension Island",earthquake,9.3,1.9,0.041,188,reviewed,us,us
2021-04-13T05:42:49.940Z,36.5115,70.8717,180.85,4.5,mb,,42,2.467,1.08,us,us6000e156,2021-04-13T06:09:42.713Z,"39 km S of Jurm, Afghanistan",earthquake,7.5,7,0.06,82,reviewed,us,us
2021-04-13T04:41:23.350Z,18.8995,-66.6953,43,3.04,md,21,257,0.4538,0.2,pr,pr2021103000,2021-04-13T05:41:24.920Z,"47 km NNE of Carrizales, Puerto Rico",earthquake,0.89,2.24,0.08,15,reviewed,pr,pr
2021-04-13T04:28:06.768Z,36.1094,68.0208,32.54,4.3,mb,,100,1.774,0.62,us,us6000e14s,2021-04-13T05:00:46.040Z,"17 km S of Aībak, Afghanistan",earthquake,5.6,6.1,0.129,17,reviewed,us,us
2021-04-13T02:20:07.039Z,-37.2053,176.6406,268.24,4.3,mb,,101,1.047,0.46,us,us6000e14f,2021-04-13T04:28:20.040Z,"64 km NNE of Maketu, New Zealand",earthquake,10.2,8.1,0.187,8,reviewed,us,us
2021-04-13T01:25:47.652Z,56.744,-156.3745,71.7,2.7,ml,,,,0.41,ak,ak0214qd3n1m,2021-04-14T17:07:04.647Z,"105 km SE of Ugashik, Alaska",earthquake,,1,,,automatic,ak,ak
2021-04-12T22:44:32.856Z,-22.7448,172.1413,10,5.2,mww,,75,5.276,1.11,us,us6000e13e,2021-04-12T23:01:10.040Z,"southeast of the Loyalty Islands",earthquake,9.1,1.8,0.098,10,reviewed,us,us
2021-04-12T22:19:24.270Z,18.6713,-67.5841,4,3.61,md,25,185,0.3054,0.54,pr,pr2021102007,2021-04-12T22:48:14.602Z,"50 km NW of Rincón, Puerto Rico",earthquake,1.23,1.39,0.08,24,reviewed,pr,pr
2021-04-12T22:05:43.280Z,36.29733333,-98.17833333,7.92,2.62,ml,100,27,0,0.19,ok,ok2021hefo,2021-04-12T22:29:49.885Z,"5 km N of Ames, Oklahoma",earthquake,,0.3,0.24,42,reviewed,ok,ok
2021-04-12T20:43:18.617Z,-18.7331,65.2286,10,5,mb,,63,2.029,0.99,us,us6000e12t,2021-04-13T17:27:09.040Z,"217 km ENE of Port Mathurin, Mauritius",earthquake,10.4,1.8,0.057,99,reviewed,us,us
2021-04-12T20:16:58.426Z,-22.6131,-66.6024,240.74,4.6,mb,,95,1.493,0.82,us,us6000e12j,2021-04-13T17:37:05.040Z,"93 km W of Abra Pampa, Argentina",earthquake,10.9,9.7,0.207,7,reviewed,us,us
2021-04-12T19:31:38.190Z,57.9369,-155.5992,107.7,2.6,ml,,,,0.78,ak,ak0214p0bd1h,2021-04-14T17:07:03.255Z,"79 km WNW of Karluk, Alaska",earthquake,,0.5,,,automatic,ak,ak
2021-04-12T17:59:58.564Z,31.67503677,-104.3900617,7.494091797,2.7,ml,27,56,0.09459944122,0.3,tx,tx2021hdxl,2021-04-12T19:37:05.356Z,"55 km S of Whites City, New Mexico",earthquake,1.091982576,1.463561667,0.1,15,reviewed,tx,tx
2021-04-12T16:41:31.795Z,44.2606,-115.1902,10,2.5,ml,,68,0.165,1.21,us,us6000e110,2021-04-13T14:11:59.641Z,"20 km WNW of Stanley, Idaho",earthquake,1.7,2,0.065,36,reviewed,us,us
2021-04-12T14:01:47.938Z,29.3169,129.4916,10,5.2,mww,,101,2.337,0.56,us,us6000e0zk,2021-04-13T15:15:02.040Z,"105 km N of Naze, Japan",earthquake,4.1,1.8,0.051,37,reviewed,us,us
2021-04-12T11:38:02.479Z,56.9027,-154.9882,13.8,3.5,ml,,,,0.72,ak,ak0214ovlbed,2021-04-14T17:07:01.644Z,"50 km W of Akhiok, Alaska",earthquake,,0.5,,,reviewed,ak,ak
2021-04-12T09:02:16.920Z,17.8108,-68.0856,40,3.35,md,10,229,0.7628,0.21,pr,pr2021102004,2021-04-12T09:35:08.837Z,"83 km SE of Boca de Yuma, Dominican Republic",earthquake,1.42,4.65,0.1,6,reviewed,pr,pr
2021-04-12T06:20:22.175Z,31.73239965,-104.5931127,5.643115234,3.1,ml,34,83,0.07011539623,0.3,tx,tx2021hdaj,2021-04-12T15:39:54.213Z,"western Texas",earthquake,2.901841367,1.501828388,0.2,19,reviewed,tx,tx
2021-04-12T05:26:13.097Z,-30.5568,-177.8608,10,5.1,mww,,69,1.308,0.66,us,us6000e0yi,2021-04-12T05:51:49.040Z,"Kermadec Islands, New Zealand",earthquake,9.1,1.8,0.098,10,reviewed,us,us
2021-04-12T05:25:36.290Z,18.9556,-64.7616,31,3.58,md,17,334,1.3579,0.45,pr,pr2021102003,2021-04-12T07:24:25.593Z,"69 km N of Cruz Bay, U.S. Virgin Islands",earthquake,3.85,28.32,0.05,13,reviewed,pr,pr
2021-04-12T04:57:13.750Z,19.2575,-67.3651,24,3.46,md,23,300,0.8298,0.36,pr,pr2021102002,2021-04-12T06:06:17.720Z,"89 km NNW of San Antonio, Puerto Rico",earthquake,1.26,23.76,0.11,20,reviewed,pr,pr
2021-04-12T04:03:12.370Z,44.3653333,-115.2061667,12.08,2.52,ml,12,75,0.231,0.18,mb,mb80496069,2021-04-12T15:50:14.740Z,"southern Idaho",earthquake,0.38,0.72,0.169,16,reviewed,mb,mb
2021-04-12T03:44:23.783Z,33.8388,15.9274,10,4.2,mb,,144,3.609,0.96,us,us6000e0xs,2021-04-12T04:32:19.040Z,"180 km NNE of Mişrātah, Libya",earthquake,5.6,2,0.112,22,reviewed,us,us
2021-04-12T03:08:35.162Z,22.6632,142.9556,152.46,5.2,mww,,49,4.468,0.96,us,us6000e0xp,2021-04-13T13:39:35.040Z,"Volcano Islands, Japan region",earthquake,9.3,6,0.098,10,reviewed,us,us
2021-04-12T02:26:26.226Z,2.7817,128.6072,229.69,5.2,mb,,81,2.35,0.83,us,us6000e0xi,2021-04-12T02:43:01.040Z,"134 km NNE of Tobelo, Indonesia",earthquake,8.6,7,0.045,166,reviewed,us,us
2021-04-12T02:12:26.430Z,18.0203,-66.8171,15,2.5,md,23,151,0.2121,0.19,pr,pr2021102001,2021-04-12T02:37:15.106Z,"2 km W of Guayanilla, Puerto Rico",earthquake,0.39,0.54,0.28,19,reviewed,pr,pr
2021-04-12T01:52:25.983Z,-5.2913,104.8347,105.65,4.9,mb,,30,2.088,1.2,us,us6000e0xf,2021-04-12T02:28:58.040Z,"49 km WNW of Bandar Lampung, Indonesia",earthquake,7.5,4.8,0.065,76,reviewed,us,us
2021-04-12T00:30:44.250Z,17.9371,-66.9711,12,2.68,md,16,222,0.0799,0.13,pr,pr2021102000,2021-04-12T00:50:10.324Z,"7 km WSW of Guánica, Puerto Rico",earthquake,0.46,0.32,0.17,8,reviewed,pr,pr
2021-04-11T23:14:01.743Z,-17.9806,-178.343,614.85,4.4,mb,,121,3.44,0.83,us,us6000e0wz,2021-04-13T03:04:36.040Z,"248 km E of Levuka, Fiji",earthquake,13.1,8.8,0.034,254,reviewed,us,us
2021-04-11T22:03:29.160Z,38.8256667,-122.8135,1.96,2.63,md,67,21,0.003508,0.07,nc,nc73548225,2021-04-15T20:53:07.210Z,"7km NW of The Geysers, CA",earthquake,0.11,0.15,0.15,50,reviewed,nc,nc
2021-04-11T21:40:36.894Z,-15.9357,-72.4977,113.4,4.3,mb,,129,3.179,0.71,us,us6000e0wl,2021-04-12T21:24:42.040Z,"16 km ESE of Iray, Peru",earthquake,10.5,7.1,0.201,7,reviewed,us,us
2021-04-11T18:57:59.403Z,18.0019,147.0553,11.15,5.1,mww,,44,3.007,1.11,us,us6000e0vk,2021-04-16T19:08:05.712Z,"Mariana Islands region",earthquake,4.6,3.5,0.061,26,reviewed,us,us
2021-04-11T18:19:16.027Z,14.9604,-92.554,95.16,4.5,mb,,149,0.937,0.86,us,us6000e0vj,2021-04-11T19:41:22.040Z,"4 km WNW of Aquiles Serdán, Mexico",earthquake,6.8,8.6,0.083,42,reviewed,us,us
2021-04-11T18:12:33.274Z,14.7528,-93.7394,44.74,4.4,mb,,170,1.991,1.14,us,us6000e0vb,2021-04-11T19:30:00.040Z,"98 km SW of La Esperanza (El Zapotal), Mexico",earthquake,6,11.4,0.074,52,reviewed,us,us
2021-04-11T18:08:48.494Z,18.0171,146.9872,45.34,4.7,mb,,75,2.995,0.84,us,us6000e0vg,2021-04-11T19:22:22.040Z,"Pagan region, Northern Mariana Islands",earthquake,11.1,7.9,0.079,49,reviewed,us,us
2021-04-11T17:54:37.792Z,17.9871,146.9584,49.77,4.7,mb,,139,2.957,0.65,us,us6000e0v7,2021-04-11T19:04:32.040Z,"Alamagan region, Northern Mariana Islands",earthquake,11.6,8.4,0.065,72,reviewed,us,us
2021-04-11T16:41:41.834Z,24.7259,122.4441,8.38,4.3,mb,,90,0.577,0.45,us,us6000e0uw,2021-04-11T19:04:52.040Z,"63 km WNW of Yonakuni, Japan",earthquake,2.6,5.5,0.168,10,reviewed,us,us
2021-04-11T16:20:12.195Z,18.7337,-102.9135,76.49,4.7,mb,,218,1.834,0.51,us,us6000e0ul,2021-04-14T13:54:54.508Z,"13 km W of Aguililla, Mexico",earthquake,9.2,8.5,0.031,310,reviewed,us,us
2021-04-11T15:52:23.733Z,-21.1977,-68.0206,176.74,4.5,mb,,68,1.283,0.51,us,us6000e0ue,2021-04-11T17:28:16.365Z,"148 km WSW of Uyuni, Bolivia",earthquake,6.6,6.9,0.072,56,reviewed,us,us
2021-04-11T14:56:34.290Z,35.971,-117.4646667,5.44,2.49,ml,37,64,0.08902,0.15,ci,ci39846888,2021-04-13T17:29:40.433Z,"23km NNW of Searles Valley, CA",earthquake,0.17,0.63,0.135,74,reviewed,ci,ci
2021-04-11T14:52:32.005Z,-24.864,-68.1248,108.99,4.6,mb,,111,1.904,0.41,us,us6000e0u7,2021-04-11T16:07:17.748Z,"150 km NNW of Antofagasta de la Sierra, Argentina",earthquake,7,10.3,0.151,13,reviewed,us,us
2021-04-11T14:42:04.824Z,-31.6625,-69.6973,116.5,4.9,mb,,76,0.872,0.51,us,us6000e0u1,2021-04-11T16:32:16.750Z,"44 km SW of Calingasta, Argentina",earthquake,5.7,5.2,0.034,274,reviewed,us,us
2021-04-11T14:40:09.020Z,-29.8339,-176.9614,10,5,mb,,137,1.027,0.66,us,us6000e0ub,2021-04-11T15:24:44.040Z,"Kermadec Islands region",earthquake,9.5,1.8,0.103,30,reviewed,us,us
2021-04-11T14:06:37.868Z,40.8454,34.7273,10.46,4,mb,,61,0.793,0.76,us,us6000e0tu,2021-04-11T16:25:19.040Z,"15 km WNW of Laçin, Turkey",earthquake,3.7,6.6,0.212,6,reviewed,us,us
2021-04-11T13:48:53.854Z,52.3342,158.4864,81.68,4.6,mb,,129,0.697,0.32,us,us6000e0ts,2021-04-11T16:10:50.040Z,"66 km S of Vilyuchinsk, Russia",earthquake,5.5,6.3,0.035,249,reviewed,us,us
2021-04-11T12:26:04.570Z,17.9571,-66.8191,11,2.73,md,24,185,0.0627,0.14,pr,pr2021101005,2021-04-11T13:10:25.522Z,"4 km S of Indios, Puerto Rico",earthquake,0.43,0.49,0.16,20,reviewed,pr,pr
2021-04-11T12:14:21.589Z,29.3388,129.535,58.96,4.7,mb,,138,2.304,1.15,us,us6000e0t7,2021-04-11T12:31:14.040Z,"107 km N of Naze, Japan",earthquake,9.5,8.9,0.061,82,reviewed,us,us
2021-04-11T12:00:26.139Z,29.3324,129.3194,30.8,4.8,mb,,146,2.38,0.82,us,us6000e0tf,2021-04-11T12:39:05.040Z,"108 km N of Naze, Japan",earthquake,9.3,6.5,0.048,132,reviewed,us,us
2021-04-11T10:59:30.100Z,17.8543,-66.8703,6,2.53,md,17,231,0.2086,0.16,pr,pr2021101004,2021-04-11T12:49:21.883Z,"13 km SSE of Guánica, Puerto Rico",earthquake,0.6,0.35,0.24,14,reviewed,pr,pr
2021-04-11T10:44:47.358Z,-6.2323,104.6292,74.99,4.9,mb,,95,2.496,1.13,us,us6000e0su,2021-04-11T11:13:55.040Z,"113 km SW of Bandar Lampung, Indonesia",earthquake,9.3,8.2,0.081,48,reviewed,us,us
2021-04-11T10:21:06.840Z,36.2046667,-117.8891667,2.63,2.47,ml,34,57,0.09123,0.16,ci,ci39846696,2021-04-14T05:20:59.040Z,"14km SE of Olancha, CA",earthquake,0.19,0.79,0.147,68,reviewed,ci,ci
2021-04-11T10:01:24.041Z,29.877,129.3196,61.72,4.5,mb,,185,1.897,0.48,us,us6000e0sq,2021-04-11T11:42:59.040Z,"115 km WSW of Kurio, Japan",earthquake,8.4,8.2,0.064,73,reviewed,us,us
2021-04-11T09:45:36.990Z,35.7846667,-117.603,6.61,3.13,ml,44,54,0.03133,0.13,ci,ci39846664,2021-04-13T10:00:15.158Z,"18km W of Searles Valley, CA",earthquake,0.12,0.31,0.116,175,reviewed,ci,ci
2021-04-11T07:54:24.302Z,31.67754532,-104.3930449,6.080151367,2.6,ml,28,55,0.09227116476,0.3,tx,tx2021hbhy,2021-04-12T16:37:06.883Z,"55 km S of Whites City, New Mexico",earthquake,1.014210257,1.220069006,0.2,15,reviewed,tx,tx
2021-04-11T07:10:49.438Z,54.4011,-159.6568,23.18,4.4,mb,,155,0.432,0.82,us,us6000e0rv,2021-04-14T17:06:56.536Z,"117 km SSE of Sand Point, Alaska",earthquake,6.2,6.6,0.082,43,reviewed,us,us
2021-04-11T06:40:52.470Z,17.941,-66.9015,9,2.95,md,23,198,0.0407,0.12,pr,pr2021101001,2021-04-11T14:10:11.648Z,"3 km SSE of Guánica, Puerto Rico",earthquake,0.48,0.44,0.25,19,reviewed,pr,pr
2021-04-11T06:24:22.167Z,24.2972,126.2915,10,4.8,mb,,117,2.995,0.88,us,us6000e0rm,2021-04-11T06:50:10.040Z,"114 km ESE of Hirara, Japan",earthquake,8.5,1.9,0.077,51,reviewed,us,us
2021-04-11T06:18:59.610Z,18.8908,-67.607,89,3.16,md,10,204,0.8848,0.38,pr,pr2021101002,2021-04-11T14:16:17.702Z,"69 km NW of San Antonio, Puerto Rico",earthquake,3.79,4.48,0.18,8,reviewed,pr,pr
2021-04-11T06:08:53.620Z,19.2185,-155.436333333333,33.27,3.13,md,57,126,,0.12,hv,hv72421267,2021-04-17T05:51:41.142Z,"4 km ENE of Pāhala, Hawaii",earthquake,0.42,0.53,0.0836353520216762,24,reviewed,hv,hv
2021-04-11T05:37:18.703Z,15.768,-93.9052,78.8,4,mb,,172,1.775,0.53,us,us6000e0rb,2021-04-11T06:29:22.040Z,"22 km SW of Cabeza de Toro, Mexico",earthquake,6.6,12.1,0.085,37,reviewed,us,us
2021-04-11T05:01:44.510Z,19.6946666666667,-156.640166666667,5.41,2.78,ml,55,195,,0.19,hv,hv72421197,2021-04-11T17:23:07.991Z,"67 km W of Kailua-Kona, Hawaii",earthquake,1.36,1.86,0.0990556646037666,10,reviewed,hv,hv
2021-04-11T04:21:02.898Z,-9.2593,-71.3912,558.32,4.1,mb,,76,1.999,0.64,us,us6000e0qs,2021-04-11T04:35:40.040Z,"139 km SSW of Tarauacá, Brazil",earthquake,11.4,7.8,0.048,119,reviewed,us,us
2021-04-11T03:58:53.830Z,60.0905,-150.2976,10,2.8,ml,,,,0.91,ak,ak0214n3ewfu,2021-04-14T17:06:55.751Z,"45 km NE of Fox River, Alaska",earthquake,,0.6,,,automatic,ak,ak
2021-04-11T03:42:00.899Z,28.357,-103.3707,10,3.2,ml,,146,1.007,0.66,us,us6000e0qk,2021-04-11T03:52:09.040Z,"53 km NE of Hércules, Mexico",earthquake,5.4,2,0.115,20,reviewed,us,us
2021-04-11T03:02:03.639Z,39.2916,-106.7555,3.44,2.8,ml,,81,1.018,0.56,us,us6000e0qc,2021-04-11T16:35:39.117Z,"9 km WSW of Norrie, Colorado",earthquake,3.4,2.1,0.04,81,reviewed,us,us
2021-04-11T02:13:58.130Z,-5.6916,153.088,10,4.4,mb,,111,1.735,0.96,us,us6000e24u,2021-04-16T22:04:13.040Z,"174 km SSE of Kokopo, Papua New Guinea",earthquake,5.1,1.9,0.169,10,reviewed,us,us
2021-04-11T01:42:26.345Z,10.9855,-86.4255,23.98,4.6,mb,,175,0.909,0.91,us,us6000e0q5,2021-04-11T01:59:53.040Z,"67 km WSW of San Juan del Sur, Nicaragua",earthquake,3.2,6,0.036,226,reviewed,us,us
2021-04-11T01:21:06.752Z,-5.7041,153.1678,20.61,4.9,mb,,102,1.805,0.52,us,us6000e0q7,2021-04-11T02:21:41.040Z,"180 km SSE of Kokopo, Papua New Guinea",earthquake,5.9,5.7,0.081,50,reviewed,us,us
2021-04-11T00:17:13.535Z,38.2397,20.6424,10,4.2,mb,,127,1.468,1.13,us,us6000e0pz,2021-04-11T00:32:11.040Z,"1 km SSW of Sámi, Greece",earthquake,4.8,1.9,0.152,12,reviewed,us,us
2021-04-11T00:04:22.400Z,19.2486666666667,-155.395166666667,31.16,2.96,md,56,111,,0.12,hv,hv72420872,2021-04-12T00:05:50.889Z,"10 km ENE of Pāhala, Hawaii",earthquake,0.43,0.53,0.0890770146545097,25,reviewed,hv,hv
2021-04-10T23:57:28.580Z,36.4985,-114.7163,12.9,2.5,ml,17,272.96,0.321,0.27,nn,nn00804805,2021-04-11T01:11:08.255Z,"23 km SSW of Moapa Town, Nevada",earthquake,,1.3,,,automatic,nn,nn
2021-04-10T23:54:58.991Z,-8.3533,112.4663,112.91,5.1,mb,,67,1.671,0.95,us,us6000e0pw,2021-04-11T02:22:23.514Z,"21 km S of Sumberpucung, Indonesia",earthquake,7.2,6.3,0.072,62,reviewed,us,us
2021-04-10T23:47:29.112Z,-24.1492,-67.0857,183.27,4.2,mb,,63,1.557,1.15,us,us6000e0pv,2021-04-11T00:41:55.040Z,"78 km W of San Antonio de los Cobres, Argentina",earthquake,4.8,8.8,0.159,11,reviewed,us,us
2021-04-10T23:00:21.990Z,29.1537,129.3913,10,4.7,mb,,107,2.511,0.86,us,us6000e0pp,2021-04-10T23:22:14.040Z,"87 km N of Naze, Japan",earthquake,5.2,1.9,0.088,39,reviewed,us,us
2021-04-10T22:53:59.225Z,38.3134,20.6879,10,4.5,mb,,49,1.471,1.25,us,us6000e0pl,2021-04-11T07:18:39.919Z,"6 km SSW of Itháki, Greece",earthquake,5.7,1.9,0.087,39,reviewed,us,us
2021-04-10T21:49:37.905Z,28.254,67.3383,10,4.2,mb,,179,6.434,0.74,us,us6000e0pc,2021-04-10T22:06:01.040Z,"62 km WNW of Chowki Jamali, Pakistan",earthquake,10.6,2,0.121,19,reviewed,us,us
2021-04-10T21:35:29.481Z,66.3504,-157.4071,9.4,3.5,ml,,,,0.74,ak,ak0214lqgdcb,2021-04-14T17:06:54.617Z,"61 km S of Shungnak, Alaska",earthquake,,0.7,,,automatic,ak,ak
2021-04-10T20:40:44.968Z,29.8697,129.3107,25.7,4.8,mb,,127,1.907,0.78,us,us6000e0p5,2021-04-10T21:41:11.040Z,"116 km WSW of Kurio, Japan",earthquake,9.9,4.2,0.065,72,reviewed,us,us
2021-04-10T20:20:38.465Z,29.3136,129.402,10,4.8,mb,,90,2.369,0.87,us,us6000e0p1,2021-04-10T20:45:06.040Z,"Ryukyu Islands, Japan",earthquake,6.7,1.8,0.074,59,reviewed,us,us
2021-04-10T20:01:16.950Z,45.7878,149.6523,114.92,4.7,mb,,134,4.911,0.8,us,us6000e0nx,2021-04-10T20:37:22.040Z,"152 km ENE of Kuril’sk, Russia",earthquake,7.3,5.3,0.032,302,reviewed,us,us
2021-04-10T19:08:08.800Z,35.7253333,-121.6328333,16.93,2.55,md,67,218,0.276,0.19,nc,nc73547705,2021-04-11T22:50:58.473Z,"33km S of Lopez Point, CA",earthquake,0.58,0.37,0.164,56,reviewed,nc,nc
2021-04-10T18:21:48.497Z,31.7208,90.6714,10,4.7,mb,,35,5.029,0.41,us,us6000e0nr,2021-04-10T18:59:43.040Z,"134 km WNW of Nagqu, China",earthquake,9.7,1.9,0.07,68,reviewed,us,us
2021-04-10T18:18:14.312Z,29.2942,129.506,10,4.7,mb,,111,2.354,0.69,us,us6000e0nq,2021-04-10T18:50:43.040Z,"102 km N of Naze, Japan",earthquake,6.8,1.9,0.112,25,reviewed,us,us
2021-04-10T17:51:32.484Z,-31.4518,-179.8442,346.02,4.9,mb,,69,2.752,0.68,us,us6000e0nn,2021-04-10T18:39:26.040Z,"Kermadec Islands region",earthquake,11.1,5.4,0.057,100,reviewed,us,us
2021-04-10T17:08:29.154Z,44.2435,-115.0508,5.32,2.6,ml,,36,0.067,0.84,us,us6000e0na,2021-04-11T14:16:13.610Z,"9 km WNW of Stanley, Idaho",earthquake,2.3,7.2,0.04,82,reviewed,us,us
2021-04-10T16:33:53.354Z,-39.4088,-73.1876,42.23,4.7,mb,,166,0.505,0.83,us,us6000e0n4,2021-04-10T17:01:28.195Z,"44 km N of Las Animas, Chile",earthquake,6.5,8.9,0.208,7,reviewed,us,us
2021-04-10T16:07:38.977Z,29.18243408,-97.60098805,2.763387044,2.7,ml,23,55,0.03548736047,0.2,tx,tx2021hacs,2021-04-12T16:42:31.509Z,"10 km SSE of Smiley, Texas",earthquake,1.152988891,1.508276252,0.2,15,reviewed,tx,tx
2021-04-10T16:00:20.867Z,-7.1786,122.3499,545.38,4.8,mb,,54,1.452,0.91,us,us6000e0mw,2021-04-10T16:38:06.040Z,"160 km N of Maumere, Indonesia",earthquake,13.3,10.3,0.175,10,reviewed,us,us
2021-04-10T15:21:42.353Z,60.5517,-151.669,64.7,2.6,ml,,,,0.7,ak,ak0214lmsssg,2021-04-14T17:06:52.592Z,"20 km WSW of Salamatof, Alaska",earthquake,,0.6,,,automatic,ak,ak
2021-04-10T14:40:19.663Z,-37.5771,-179.7337,10,4.9,mb,,239,1.557,0.6,us,us6000e0mg,2021-04-10T15:15:16.040Z,"231 km ENE of Gisborne, New Zealand",earthquake,9.7,2,0.14,17,reviewed,us,us
2021-04-10T14:13:21.940Z,38.5226667,-122.5848333,9.14,3.26,ml,113,46,0.09054,0.16,nc,nc73547645,2021-04-15T20:44:30.215Z,"6km S of Calistoga, CA",earthquake,0.16,0.33,0.228,80,reviewed,nc,nc
2021-04-10T13:22:06.120Z,32.7705,-115.4393333,15.63,3.44,ml,80,34,0.03529,0.32,ci,ci39845832,2021-04-11T13:25:09.147Z,"7km SW of Holtville, CA",earthquake,0.24,0.41,0.114,191,reviewed,ci,ci
2021-04-10T13:10:42.207Z,29.4295,129.3938,33.9,4.9,mb,,106,2.265,0.92,us,us6000e0lw,2021-04-10T13:36:44.040Z,"118 km N of Naze, Japan",earthquake,8.2,5.9,0.075,55,reviewed,us,us
2021-04-10T12:45:44.644Z,60.0169,-149.1254,0,2.8,ml,,,,0.89,ak,ak0214ll5nbc,2021-04-14T17:06:52.097Z,"18 km ESE of Lowell Point, Alaska",earthquake,,0.6,,,automatic,ak,ak
2021-04-10T11:50:14.080Z,37.582,-121.6751667,3.95,2.93,md,116,62,0.07632,0.1,nc,nc73547590,2021-04-16T23:56:38.411Z,"14km SE of Livermore, CA",earthquake,0.09,0.32,0.143,147,reviewed,nc,nc
2021-04-10T11:38:32.429Z,-3.4527,145.7212,10,6,mww,,44,2.158,1.11,us,us6000e0lk,2021-04-15T14:44:00.040Z,"195 km N of Madang, Papua New Guinea",earthquake,4.6,1.8,0.052,35,reviewed,us,us
2021-04-10T11:20:12.350Z,17.9676,-66.8668,14,2.76,md,23,185,0.0145,0.12,pr,pr2021100003,2021-04-10T11:41:08.936Z,"2 km ESE of Maria Antonia, Puerto Rico",earthquake,0.37,0.4,0.14,18,reviewed,pr,pr
2021-04-10T10:58:29.132Z,-41.4891,174.5348,27.88,3.7,ml,,113,0.22,0.86,us,us6000e0l6,2021-04-12T02:24:56.528Z,"27 km SW of Brooklyn, New Zealand",earthquake,3.1,11.4,0.079,21,reviewed,us,us
2021-04-10T10:18:24.913Z,59.2536,-138.0012,0,2.7,ml,,,,0.59,ak,ak0214ljsy8c,2021-04-14T17:06:51.317Z,"Southeastern Alaska",earthquake,,0.3,,,automatic,ak,ak
2021-04-10T10:00:02.240Z,19.0616,-64.8425,34,3.46,md,12,338,1.3632,0.47,pr,pr2021100002,2021-04-10T11:22:41.914Z,"80 km N of Charlotte Amalie, U.S. Virgin Islands",earthquake,4.65,29.14,0.05,7,reviewed,pr,pr
2021-04-10T09:30:44.075Z,4.1069,124.6681,311.31,6.1,mww,,21,3.079,1.26,us,us6000e0k5,2021-04-12T10:00:54.592Z,"168 km SSW of Sarangani, Philippines",earthquake,7.3,5.1,0.041,57,reviewed,us,us
2021-04-10T09:06:56.920Z,-17.4948,167.9636,12.35,4.5,mb,,195,2.162,0.37,us,us6000e0k6,2021-04-10T10:00:05.040Z,"45 km NW of Port-Vila, Vanuatu",earthquake,11.5,4.6,0.135,16,reviewed,us,us
2021-04-10T08:56:51.082Z,44.0976,-115.0852,10,2.5,ml,,42,0.136,0.89,us,us6000e0k1,2021-04-14T05:14:43.040Z,"17 km SW of Stanley, Idaho",earthquake,1.8,2,0.053,46,reviewed,us,us
2021-04-10T07:52:48.041Z,-37.9514,-73.7304,20.43,5.3,mww,,153,1.94,0.66,us,us6000e0jq,2021-04-11T00:03:04.798Z,"33 km WSW of Cañete, Chile",earthquake,6.7,5.2,,,reviewed,us,guc
2021-04-10T07:38:15.790Z,47.4601666666667,-121.596833333333,11.41,2.8,ml,19,176,0.1157,0.24,uw,uw61723491,2021-04-16T12:50:29.858Z,"11 km E of Tanner, Washington",earthquake,0.71,1.15,0.252540622901168,12,reviewed,uw,uw
2021-04-10T07:36:28.962Z,29.2657,129.5592,35,5.2,mww,,105,2.365,0.6,us,us6000e0ji,2021-04-10T07:56:14.040Z,"99 km N of Naze, Japan",earthquake,6.3,2,0.098,10,reviewed,us,us
2021-04-10T07:34:14.720Z,48.8918333333333,-125.226166666667,37.22,3.28,ml,4,146,0.08327,0.06,uw,uw61723486,2021-04-10T19:55:00.622Z,"24 km ESE of Ucluelet, Canada",earthquake,0.68,0.88,0.12770686641003,5,reviewed,uw,uw
2021-04-10T07:31:03.390Z,-37.919,-73.6948,35,4.4,mb,,152,1.969,0.94,us,us6000e0jc,2021-04-10T09:59:16.040Z,"29 km WSW of Cañete, Chile",earthquake,6.5,2,0.127,18,reviewed,us,us
2021-04-10T07:14:02.051Z,-62.4009,-58.3064,10,5.5,mww,,90,0.233,0.52,us,us6000e0j2,2021-04-11T07:18:26.543Z,"South Shetland Islands",earthquake,3.5,1.8,0.089,12,reviewed,us,us
2021-04-10T07:00:17.391Z,-8.5622,112.519,82.28,6,mww,,26,1.617,1.15,us,us6000e0iy,2021-04-12T10:34:57.247Z,"44 km SSW of Gongdanglegi Kulon, Indonesia",earthquake,6.9,5.5,0.078,16,reviewed,us,us
2021-04-10T06:52:12.885Z,29.1508,129.8647,35,5.1,mww,,112,2.405,1.16,us,us6000e0iv,2021-04-11T01:26:31.040Z,"94 km NNE of Naze, Japan",earthquake,4,2,0.083,14,reviewed,us,us
